SpyGlass DashBoard,,,,,,,,,,,,,, 
Created: Mon Oct 7 19:48:31 CST 2024 by r2k41036,,,,,,,,,,,,,, 
core,,,,,,,,,,,
,Category,Run status,Design objective,,,,,Success criteria,Pass/Fail status,Graph
,Summary,Not completed,,,,,,Failed objectives = 0,Unknown

,Quality goals,Run status,Unresolved Messages,,,Waived Messages,,Success criteria,Pass/Fail status,Graph
,,,FATAL,ERROR,WARNING,ERROR,WARNING,,,,
,Summary,Completed,0,0,15,0,0,Failed goals = 0,Pass
,lint/lint_rtl::,Completed,0,0,2,0,0, Fatal =0; Error =0,Pass
,lint/lint_rtl_enhanced::,Completed,0,0,13,0,0, Fatal =0; Error =0,Pass

 Note: The SpyGlass configuration file used to collect data for this report is: /tmp/config_198390,,,,,,,,,,,,,,
